{
  "metadata": {
    "evaluation_name": "Family Audit and Sensitivity Analysis",
    "description": "Multi-track sensitivity analysis evaluating robustness of GEV tail-constraint findings: family audit with Glottolog corrections, GoF-restricted re-analysis, annotation-quality filtering, leave-one-fam...",
    "family_audit": {
      "n_corrections": 1,
      "corrections_list": [
        {
          "treebank_id": "af_afribooms",
          "iso_code": "af",
          "old_family": "Afro-Asiatic",
          "new_family": "Indo-European",
          "source": "manual_override"
        }
      ],
      "afrikaans_fixed": true,
      "n_families_after": 26
    },
    "corrected_regression": {
      "fallback_notes": [],
      "model_type": "mixed_effects",
      "coefficients": {
        "morph_richness_z": {
          "beta": -0.027272572017511276,
          "se": 0.021519733284234087,
          "p": 0.20503784210706355,
          "p_fdr": 0.20503784210706355,
          "reject_fdr": false
        },
        "head_direction_ratio_z": {
          "beta": -0.030370819850152865,
          "se": 0.021960288818951932,
          "p": 0.16666849042885468,
          "p_fdr": 0.20503784210706355,
          "reject_fdr": false
        },
        "word_order_entropy_z": {
          "beta": 0.08351969000790412,
          "se": 0.022646424531605452,
          "p": 0.00022603634317136574,
          "p_fdr": 0.0006781090295140973,
          "reject_fdr": true
        }
      },
      "pseudo_r2": 0.16385689068983567,
      "n_treebanks": 172,
      "n_families": 26
    },
    "gof_restricted": {
      "gof_n_combos_total": 918,
      "gof_n_combos_passing": 259,
      "gof_pass_rate": 28.21350762527233,
      "gof_n_treebanks_retained": 120,
      "gof_regression": {
        "fallback_notes": [],
        "model_type": "mixed_effects",
        "coefficients": {
          "morph_richness_z": {
            "beta": 0.0060264265501877474,
            "se": 0.015696393425473455,
            "p": 0.7010251256355393,
            "p_fdr": 0.7010251256355393,
            "reject_fdr": false
          },
          "head_direction_ratio_z": {
            "beta": 0.048587144067305896,
            "se": 0.018550342274308202,
            "p": 0.008813503737634147,
            "p_fdr": 0.026440511212902442,
            "reject_fdr": false
          },
          "word_order_entropy_z": {
            "beta": -0.014346941770588097,
            "se": 0.019831371790535696,
            "p": 0.46940544885504953,
            "p_fdr": 0.7010251256355393,
            "reject_fdr": false
          }
        },
        "pseudo_r2": 0.06463415435002728,
        "n_treebanks": 104,
        "n_families": 22
      },
      "gof_mediation": {
        "indirect_effect_mean": 0.0022820710663535295,
        "indirect_effect_ci": [
          -0.0103902278603168,
          0.01766292010035116
        ],
        "indirect_significant": false,
        "direct_effect_mean": -0.018295987089826188,
        "direct_effect_ci": [
          -0.051460713313784365,
          0.013357498337314602
        ],
        "direct_significant": false,
        "total_effect_mean": -0.016013916023472657,
        "n_valid_bootstraps": 5000,
        "interpretation": "no_effect"
      }
    },
    "annotation_sensitivity": {
      "annot_n_treebanks": 131,
      "annot_n_dropped": 41,
      "annot_regression": {
        "fallback_notes": [],
        "model_type": "mixed_effects",
        "coefficients": {
          "morph_richness_z": {
            "beta": 0.013627617387897493,
            "se": 0.018052878543291247,
            "p": 0.45032562618569993,
            "p_fdr": 0.45032562618569993,
            "reject_fdr": false
          },
          "head_direction_ratio_z": {
            "beta": -0.019807193180322088,
            "se": 0.017246269092328726,
            "p": 0.25076572666206043,
            "p_fdr": 0.37614858999309064,
            "reject_fdr": false
          },
          "word_order_entropy_z": {
            "beta": 0.04662286970084546,
            "se": 0.017971929298470458,
            "p": 0.009480992409816173,
            "p_fdr": 0.02844297722944852,
            "reject_fdr": false
          }
        },
        "pseudo_r2": 0.05654226886699787,
        "n_treebanks": 131,
        "n_families": 20
      },
      "annot_mediation": {
        "indirect_effect_mean": 0.015741062453191228,
        "indirect_effect_ci": [
          0.0016267064223644235,
          0.032221418238771476
        ],
        "indirect_significant": true,
        "direct_effect_mean": 0.01783799414992864,
        "direct_effect_ci": [
          -0.013363552750604111,
          0.04857315099107934
        ],
        "direct_significant": false,
        "total_effect_mean": 0.03357905660311986,
        "n_valid_bootstraps": 5000,
        "interpretation": "full_mediation"
      },
      "annot_morph_entropy_corr": 0.4062125909331712,
      "annot_morph_entropy_corr_p": 1.479507528518297e-06,
      "full_morph_entropy_corr": 0.45569635182889817
    },
    "lofo_cv": {
      "lofo_n_families": 26,
      "lofo_n_skipped": 0,
      "lofo_skipped_families": [],
      "lofo_entropy_beta_mean": 0.08420598032986183,
      "lofo_entropy_beta_sd": 0.01176038231636906,
      "lofo_entropy_beta_min": 0.039778843168791427,
      "lofo_entropy_beta_max": 0.12282588148491172,
      "lofo_entropy_beta_range": 0.08304703831612029,
      "lofo_most_influential_family": "Tucanoan",
      "lofo_family_betas": {
        "Atlantic-Congo": 0.08280175114880467,
        "Indo-European": 0.12282588148491172,
        "Afro-Asiatic": 0.07708536030757339,
        "Uto-Aztecan": 0.08537607493655047,
        "Bororoan": 0.08337222209326556,
        "Austronesian": 0.08899912429625893,
        "Mongolic-Khitan": 0.08409429672208732,
        "Sino-Tibetan": 0.08623138347473062,
        "Uralic": 0.08722239038728824,
        "Kartvelian": 0.08479735096231378,
        "Narrow Talodi": 0.08555110507523911,
        "Huitotoan": 0.08382036246521152,
        "Japonic": 0.08703045020168262,
        "Khoe-Kwadi": 0.08557940509042224,
        "Koreanic": 0.0808145390173702,
        "Tucanoan": 0.039778843168791427,
        "Tupian": 0.08686663285366694,
        "Chocoan": 0.08465916919527358,
        "Chibchan": 0.08333304356316823,
        "Dravidian": 0.08456645543895931,
        "Austroasiatic": 0.08481030441843838,
        "Nuclear Trans New Guinea": 0.08396981792960148,
        "Pano-Tacanan": 0.08458203803338028,
        "Tai-Kadai": 0.08190951750720948,
        "Turkic": 0.08556525200549013,
        "Pama-Nyungan": 0.0837127167987185
      },
      "lofo_all_significant": false,
      "lofo_pct_significant": 92.3076923076923
    },
    "residual_analysis": {
      "residual_turkish_rank": 61,
      "residual_turkish_relative": 0.4187180658805117,
      "residual_top10": [
        {
          "treebank_id": "gv_cadhan",
          "language": "Manx",
          "xi": -2.2154104327881794,
          "predicted_xi": -0.6136295327465515,
          "residual": -1.6017809000416279,
          "relative_residual": 0.7230176748900315,
          "morph_richness": 1.1087,
          "word_order_entropy": 0.1087
        },
        {
          "treebank_id": "ga_idt",
          "language": "Irish",
          "xi": -1.5653013767009056,
          "predicted_xi": -0.5202576564180817,
          "residual": -1.0450437202828238,
          "relative_residual": 0.6676309979905604,
          "morph_richness": 2.1622,
          "word_order_entropy": 0.2796
        },
        {
          "treebank_id": "hbo_ptnk",
          "language": "Ancient-Hebrew",
          "xi": -1.1518216792049654,
          "predicted_xi": -0.5418702703177062,
          "residual": -0.6099514088872592,
          "relative_residual": 0.529553679965698,
          "morph_richness": 1.7951,
          "word_order_entropy": 0.2155
        }
      ],
      "residual_mean_abs": 0.14730474085390927,